{
  "Bruges, West Flanders, Belgium": [
    3.226772,
    51.2085526
  ],
  "Moscow, Russia": [
    37.6063916,
    55.625578
  ],
  "New York, United States": [
    -74.0060152,
    40.7127281
  ],
  "Paris, France": [
    2.320041,
    48.8588897
  ],
  "Sapporo, Hokkaido, Japan": [
    141.3542924,
    43.061936
  ],
  "Seattle, Washington, United States": [
    -122.330062,
    47.6038321
  ],
  "Tokyo, Japan": [
    139.7638947,
    35.6768601
  ]
}
